Query,Context,Prompt
"On October 14, 2024, what significant cyber security event impacted the United States?","Halliburton in United States of America suffered a cyber security incident on Aug. 21, 2024. Halliburton Company reported an unauthorized third-party access to its systems, prompting an internal investigation with external advisors to assess and remediate the issue. The company activated its cybersecurity response plan, took certain systems offline to protect them, and notified law enforcement. The incident's impact on the company's operations and data is being assessed. Russia suffered a cyber security incident on Aug. 24, 2024. A large-scale cyberattack was launched by Ukrainian hackers against Russian internet providers and military-related companies. The attack affected at least 33 servers, 283 office computers, and 21 websites, and destroyed 15 cloud and file storages. Russian users experienced malfunctions and unstable internet connections. The hackers targeted companies that produce equipment for law enforcement agencies, aircraft, and helicopter components. The attack was reportedly carried out in response to Russia's ongoing war against Ukraine. Russia suffered a cyber security incident on Oct. 23, 2024. Russia's Foreign Ministry was targeted by a severe cyber attack, described as ""unprecedented in scale,"" which coincided with the BRICS summit. The attack was a large-scale distributed denial-of-service (DDoS) that began on the ministry's official website and portal. The ministry's spokeswoman Maria Zakharova, stated that the attack was launched from abroad. The attack's impact on the ministry's operations and data is unclear, but it is believed to be one of the largest-scale DDoS attacks to date.","Question: On October 14, 2024, what significant cyber security event impacted the United States?
Context: Halliburton in United States of America suffered a cyber security incident on Aug. 21, 2024. Halliburton Company reported an unauthorized third-party access to its systems, prompting an internal investigation with external advisors to assess and remediate the issue. The company activated its cybersecurity response plan, took certain systems offline to protect them, and notified law enforcement. The incident's impact on the company's operations and data is being assessed. Russia suffered a cyber security incident on Aug. 24, 2024. A large-scale cyberattack was launched by Ukrainian hackers against Russian internet providers and military-related companies. The attack affected at least 33 servers, 283 office computers, and 21 websites, and destroyed 15 cloud and file storages. Russian users experienced malfunctions and unstable internet connections. The hackers targeted companies that produce equipment for law enforcement agencies, aircraft, and helicopter components. The attack was reportedly carried out in response to Russia's ongoing war against Ukraine. Russia suffered a cyber security incident on Oct. 23, 2024. Russia's Foreign Ministry was targeted by a severe cyber attack, described as ""unprecedented in scale,"" which coincided with the BRICS summit. The attack was a large-scale distributed denial-of-service (DDoS) that began on the ministry's official website and portal. The ministry's spokeswoman Maria Zakharova, stated that the attack was launched from abroad. The attack's impact on the ministry's operations and data is unclear, but it is believed to be one of the largest-scale DDoS attacks to date.
Answer the question based on the context provided above. Do not include any information that is not in the context. Be precise and concise in your answer. Answer:"
"Could you provide details on the cyber security incident that transpired on October 19, 2024?","Russia suffered a cyber security incident on Aug. 24, 2024. A large-scale cyberattack was launched by Ukrainian hackers against Russian internet providers and military-related companies. The attack affected at least 33 servers, 283 office computers, and 21 websites, and destroyed 15 cloud and file storages. Russian users experienced malfunctions and unstable internet connections. The hackers targeted companies that produce equipment for law enforcement agencies, aircraft, and helicopter components. The attack was reportedly carried out in response to Russia's ongoing war against Ukraine. Dutch Police in Netherlands suffered a cyber security incident on Aug. 27, 2024. The Nederlandse politie experienced a cyber incident where a police account was hacked, leading to the compromise of work-related contact details of employees. The breach did not involve private or investigative data, aside from colleagues' names. The police promptly responded, investigating the incident's impact and implementing necessary measures. They also advised employees to be vigilant against potential phishing attempts. This incident highlights the ongoing challenges of securing sensitive information and the need for constant vigilance against cyber threats. The police's swift response demonstrates their commitment to safeguarding data and maintaining public trust. Russia suffered a cyber security incident on Oct. 23, 2024. Russia's Foreign Ministry was targeted by a severe cyber attack, described as ""unprecedented in scale,"" which coincided with the BRICS summit. The attack was a large-scale distributed denial-of-service (DDoS) that began on the ministry's official website and portal. The ministry's spokeswoman Maria Zakharova, stated that the attack was launched from abroad. The attack's impact on the ministry's operations and data is unclear, but it is believed to be one of the largest-scale DDoS attacks to date.","Question: Could you provide details on the cyber security incident that transpired on October 19, 2024?
Context: Russia suffered a cyber security incident on Aug. 24, 2024. A large-scale cyberattack was launched by Ukrainian hackers against Russian internet providers and military-related companies. The attack affected at least 33 servers, 283 office computers, and 21 websites, and destroyed 15 cloud and file storages. Russian users experienced malfunctions and unstable internet connections. The hackers targeted companies that produce equipment for law enforcement agencies, aircraft, and helicopter components. The attack was reportedly carried out in response to Russia's ongoing war against Ukraine. Dutch Police in Netherlands suffered a cyber security incident on Aug. 27, 2024. The Nederlandse politie experienced a cyber incident where a police account was hacked, leading to the compromise of work-related contact details of employees. The breach did not involve private or investigative data, aside from colleagues' names. The police promptly responded, investigating the incident's impact and implementing necessary measures. They also advised employees to be vigilant against potential phishing attempts. This incident highlights the ongoing challenges of securing sensitive information and the need for constant vigilance against cyber threats. The police's swift response demonstrates their commitment to safeguarding data and maintaining public trust. Russia suffered a cyber security incident on Oct. 23, 2024. Russia's Foreign Ministry was targeted by a severe cyber attack, described as ""unprecedented in scale,"" which coincided with the BRICS summit. The attack was a large-scale distributed denial-of-service (DDoS) that began on the ministry's official website and portal. The ministry's spokeswoman Maria Zakharova, stated that the attack was launched from abroad. The attack's impact on the ministry's operations and data is unclear, but it is believed to be one of the largest-scale DDoS attacks to date.
Answer the question based on the context provided above. Do not include any information that is not in the context. Be precise and concise in your answer. Answer:"
"What transpired during the cyber security event on October 23, 2024?","Nicosia / Λευκωσία in Cyprus suffered a cyber security incident on Sept. 30, 2024. Cyprus' critical infrastructure and government websites were targeted in a series of coordinated cyberattacks claimed by pro-Palestine hacker groups. The attacks targeted facilities such as banks, airports, and government websites, causing temporary disruptions. The hackers demanded that Cyprus change its stance on Israel and threatened further attacks. The country's cyber officials reported that most of the attacks were unsuccessful, but companies were advised to be prepared to repel future attacks and restore services quickly. Russia suffered a cyber security incident on Aug. 24, 2024. A large-scale cyberattack was launched by Ukrainian hackers against Russian internet providers and military-related companies. The attack affected at least 33 servers, 283 office computers, and 21 websites, and destroyed 15 cloud and file storages. Russian users experienced malfunctions and unstable internet connections. The hackers targeted companies that produce equipment for law enforcement agencies, aircraft, and helicopter components. The attack was reportedly carried out in response to Russia's ongoing war against Ukraine. Russia suffered a cyber security incident on Oct. 23, 2024. Russia's Foreign Ministry was targeted by a severe cyber attack, described as ""unprecedented in scale,"" which coincided with the BRICS summit. The attack was a large-scale distributed denial-of-service (DDoS) that began on the ministry's official website and portal. The ministry's spokeswoman Maria Zakharova, stated that the attack was launched from abroad. The attack's impact on the ministry's operations and data is unclear, but it is believed to be one of the largest-scale DDoS attacks to date.","Question: What transpired during the cyber security event on October 23, 2024?
Context: Nicosia / Λευκωσία in Cyprus suffered a cyber security incident on Sept. 30, 2024. Cyprus' critical infrastructure and government websites were targeted in a series of coordinated cyberattacks claimed by pro-Palestine hacker groups. The attacks targeted facilities such as banks, airports, and government websites, causing temporary disruptions. The hackers demanded that Cyprus change its stance on Israel and threatened further attacks. The country's cyber officials reported that most of the attacks were unsuccessful, but companies were advised to be prepared to repel future attacks and restore services quickly. Russia suffered a cyber security incident on Aug. 24, 2024. A large-scale cyberattack was launched by Ukrainian hackers against Russian internet providers and military-related companies. The attack affected at least 33 servers, 283 office computers, and 21 websites, and destroyed 15 cloud and file storages. Russian users experienced malfunctions and unstable internet connections. The hackers targeted companies that produce equipment for law enforcement agencies, aircraft, and helicopter components. The attack was reportedly carried out in response to Russia's ongoing war against Ukraine. Russia suffered a cyber security incident on Oct. 23, 2024. Russia's Foreign Ministry was targeted by a severe cyber attack, described as ""unprecedented in scale,"" which coincided with the BRICS summit. The attack was a large-scale distributed denial-of-service (DDoS) that began on the ministry's official website and portal. The ministry's spokeswoman Maria Zakharova, stated that the attack was launched from abroad. The attack's impact on the ministry's operations and data is unclear, but it is believed to be one of the largest-scale DDoS attacks to date.
Answer the question based on the context provided above. Do not include any information that is not in the context. Be precise and concise in your answer. Answer:"
"What was the nature of the cyber security event in the USA on October 21, 2024?","Winnebago Public Schools in United States of America suffered a cyber security incident on Oct. 21, 2024. A cyberattack disrupted the phone and internet services of Winnebago Public Schools in Nebraska, prompting the cancellation of classes. The district announced the attack, warning that it was disrupting their services. Students were sent home early, and classes were canceled for the following day. The district planned to hold conferences as scheduled. The attack's cause and perpetrators remain unknown. The incident highlights the vulnerability of educational institutions to cyber threats and the need for robust cybersecurity measures. City of Pittsburg in United States of America suffered a cyber security incident on Aug. 18, 2024. The City of Pittsburg experienced a cybersecurity incident affecting a portion of its computer systems. External cybersecurity specialists were engaged to assist with the investigation. The city notified federal law enforcement and is taking the matter seriously. While the investigation is ongoing, the city is implementing measures to ensure business operations can continue safely and securely. The city will notify affected individuals directly if personal information is found to be involved. Russia suffered a cyber security incident on Oct. 23, 2024. Russia's Foreign Ministry was targeted by a severe cyber attack, described as ""unprecedented in scale,"" which coincided with the BRICS summit. The attack was a large-scale distributed denial-of-service (DDoS) that began on the ministry's official website and portal. The ministry's spokeswoman Maria Zakharova, stated that the attack was launched from abroad. The attack's impact on the ministry's operations and data is unclear, but it is believed to be one of the largest-scale DDoS attacks to date.","Question: What was the nature of the cyber security event in the USA on October 21, 2024?
Context: Winnebago Public Schools in United States of America suffered a cyber security incident on Oct. 21, 2024. A cyberattack disrupted the phone and internet services of Winnebago Public Schools in Nebraska, prompting the cancellation of classes. The district announced the attack, warning that it was disrupting their services. Students were sent home early, and classes were canceled for the following day. The district planned to hold conferences as scheduled. The attack's cause and perpetrators remain unknown. The incident highlights the vulnerability of educational institutions to cyber threats and the need for robust cybersecurity measures. City of Pittsburg in United States of America suffered a cyber security incident on Aug. 18, 2024. The City of Pittsburg experienced a cybersecurity incident affecting a portion of its computer systems. External cybersecurity specialists were engaged to assist with the investigation. The city notified federal law enforcement and is taking the matter seriously. While the investigation is ongoing, the city is implementing measures to ensure business operations can continue safely and securely. The city will notify affected individuals directly if personal information is found to be involved. Russia suffered a cyber security incident on Oct. 23, 2024. Russia's Foreign Ministry was targeted by a severe cyber attack, described as ""unprecedented in scale,"" which coincided with the BRICS summit. The attack was a large-scale distributed denial-of-service (DDoS) that began on the ministry's official website and portal. The ministry's spokeswoman Maria Zakharova, stated that the attack was launched from abroad. The attack's impact on the ministry's operations and data is unclear, but it is believed to be one of the largest-scale DDoS attacks to date.
Answer the question based on the context provided above. Do not include any information that is not in the context. Be precise and concise in your answer. Answer:"
"On October 21, 2024, what cyber security event occurred in Germany?","idea e.V. Evangelische Nachrichtenagentur in Germany suffered a cyber security incident on Oct. 21, 2024. A cyber attack was carried out by an Eastern European hacker group against the Evangelische Nachrichtenagentur IDEA, a German Christian news agency. The attackers infiltrated the agency's IT infrastructure, partially encrypting servers and disrupting access to data. The goal was to render the agency inoperable and demand a ransom for decryption. The IT department responded quickly, involving external experts and taking countermeasures. The incident may have resulted in unauthorized access to stored data, but no ransom was paid. Radio Geretsried in Germany suffered a cyber security incident on Sept. 14, 2024. Radio Geretsried, a German radio station, was targeted by a cyberattack. The attackers, believed to be from Russia, encrypted all music files and demanded a ransom. The station's leadership and management are working to resolve the issue. As a precaution, all systems will be reset, which will take time. The station's music archive and other data are being exported to prevent further damage. The incident has disrupted the station's operations, and normal service is expected to resume once the issue is resolved. Haus des Stiftens in Germany suffered a cyber security incident on Sept. 21, 2024. German charity Haus des Stiftens suffered a major cyberattack, resulting in the theft of sensitive data, including personal information of donors and employees. The attackers gained unauthorized access to the organization's IT systems, encrypted data, and exfiltrated it from the servers. The charity has taken measures to respond to the incident, including notifying affected parties and cooperating with authorities. The attack has raised concerns about the potential for identity theft and financial fraud.","Question: On October 21, 2024, what cyber security event occurred in Germany?
Context: idea e.V. Evangelische Nachrichtenagentur in Germany suffered a cyber security incident on Oct. 21, 2024. A cyber attack was carried out by an Eastern European hacker group against the Evangelische Nachrichtenagentur IDEA, a German Christian news agency. The attackers infiltrated the agency's IT infrastructure, partially encrypting servers and disrupting access to data. The goal was to render the agency inoperable and demand a ransom for decryption. The IT department responded quickly, involving external experts and taking countermeasures. The incident may have resulted in unauthorized access to stored data, but no ransom was paid. Radio Geretsried in Germany suffered a cyber security incident on Sept. 14, 2024. Radio Geretsried, a German radio station, was targeted by a cyberattack. The attackers, believed to be from Russia, encrypted all music files and demanded a ransom. The station's leadership and management are working to resolve the issue. As a precaution, all systems will be reset, which will take time. The station's music archive and other data are being exported to prevent further damage. The incident has disrupted the station's operations, and normal service is expected to resume once the issue is resolved. Haus des Stiftens in Germany suffered a cyber security incident on Sept. 21, 2024. German charity Haus des Stiftens suffered a major cyberattack, resulting in the theft of sensitive data, including personal information of donors and employees. The attackers gained unauthorized access to the organization's IT systems, encrypted data, and exfiltrated it from the servers. The charity has taken measures to respond to the incident, including notifying affected parties and cooperating with authorities. The attack has raised concerns about the potential for identity theft and financial fraud.
Answer the question based on the context provided above. Do not include any information that is not in the context. Be precise and concise in your answer. Answer:"
"Can you share any information about the cyber incident on October 5, 2024?","Nicosia / Λευκωσία in Cyprus suffered a cyber security incident on Sept. 30, 2024. Cyprus' critical infrastructure and government websites were targeted in a series of coordinated cyberattacks claimed by pro-Palestine hacker groups. The attacks targeted facilities such as banks, airports, and government websites, causing temporary disruptions. The hackers demanded that Cyprus change its stance on Israel and threatened further attacks. The country's cyber officials reported that most of the attacks were unsuccessful, but companies were advised to be prepared to repel future attacks and restore services quickly. Dutch Police in Netherlands suffered a cyber security incident on Aug. 27, 2024. The Nederlandse politie experienced a cyber incident where a police account was hacked, leading to the compromise of work-related contact details of employees. The breach did not involve private or investigative data, aside from colleagues' names. The police promptly responded, investigating the incident's impact and implementing necessary measures. They also advised employees to be vigilant against potential phishing attempts. This incident highlights the ongoing challenges of securing sensitive information and the need for constant vigilance against cyber threats. The police's swift response demonstrates their commitment to safeguarding data and maintaining public trust. Russia suffered a cyber security incident on Oct. 23, 2024. Russia's Foreign Ministry was targeted by a severe cyber attack, described as ""unprecedented in scale,"" which coincided with the BRICS summit. The attack was a large-scale distributed denial-of-service (DDoS) that began on the ministry's official website and portal. The ministry's spokeswoman Maria Zakharova, stated that the attack was launched from abroad. The attack's impact on the ministry's operations and data is unclear, but it is believed to be one of the largest-scale DDoS attacks to date.","Question: Can you share any information about the cyber incident on October 5, 2024?
Context: Nicosia / Λευκωσία in Cyprus suffered a cyber security incident on Sept. 30, 2024. Cyprus' critical infrastructure and government websites were targeted in a series of coordinated cyberattacks claimed by pro-Palestine hacker groups. The attacks targeted facilities such as banks, airports, and government websites, causing temporary disruptions. The hackers demanded that Cyprus change its stance on Israel and threatened further attacks. The country's cyber officials reported that most of the attacks were unsuccessful, but companies were advised to be prepared to repel future attacks and restore services quickly. Dutch Police in Netherlands suffered a cyber security incident on Aug. 27, 2024. The Nederlandse politie experienced a cyber incident where a police account was hacked, leading to the compromise of work-related contact details of employees. The breach did not involve private or investigative data, aside from colleagues' names. The police promptly responded, investigating the incident's impact and implementing necessary measures. They also advised employees to be vigilant against potential phishing attempts. This incident highlights the ongoing challenges of securing sensitive information and the need for constant vigilance against cyber threats. The police's swift response demonstrates their commitment to safeguarding data and maintaining public trust. Russia suffered a cyber security incident on Oct. 23, 2024. Russia's Foreign Ministry was targeted by a severe cyber attack, described as ""unprecedented in scale,"" which coincided with the BRICS summit. The attack was a large-scale distributed denial-of-service (DDoS) that began on the ministry's official website and portal. The ministry's spokeswoman Maria Zakharova, stated that the attack was launched from abroad. The attack's impact on the ministry's operations and data is unclear, but it is believed to be one of the largest-scale DDoS attacks to date.
Answer the question based on the context provided above. Do not include any information that is not in the context. Be precise and concise in your answer. Answer:"
"What happened during the cyber security event on September 27, 2024?","Russia suffered a cyber security incident on Aug. 24, 2024. A large-scale cyberattack was launched by Ukrainian hackers against Russian internet providers and military-related companies. The attack affected at least 33 servers, 283 office computers, and 21 websites, and destroyed 15 cloud and file storages. Russian users experienced malfunctions and unstable internet connections. The hackers targeted companies that produce equipment for law enforcement agencies, aircraft, and helicopter components. The attack was reportedly carried out in response to Russia's ongoing war against Ukraine. Nicosia / Λευκωσία in Cyprus suffered a cyber security incident on Sept. 30, 2024. Cyprus' critical infrastructure and government websites were targeted in a series of coordinated cyberattacks claimed by pro-Palestine hacker groups. The attacks targeted facilities such as banks, airports, and government websites, causing temporary disruptions. The hackers demanded that Cyprus change its stance on Israel and threatened further attacks. The country's cyber officials reported that most of the attacks were unsuccessful, but companies were advised to be prepared to repel future attacks and restore services quickly. Russia suffered a cyber security incident on Oct. 23, 2024. Russia's Foreign Ministry was targeted by a severe cyber attack, described as ""unprecedented in scale,"" which coincided with the BRICS summit. The attack was a large-scale distributed denial-of-service (DDoS) that began on the ministry's official website and portal. The ministry's spokeswoman Maria Zakharova, stated that the attack was launched from abroad. The attack's impact on the ministry's operations and data is unclear, but it is believed to be one of the largest-scale DDoS attacks to date.","Question: What happened during the cyber security event on September 27, 2024?
Context: Russia suffered a cyber security incident on Aug. 24, 2024. A large-scale cyberattack was launched by Ukrainian hackers against Russian internet providers and military-related companies. The attack affected at least 33 servers, 283 office computers, and 21 websites, and destroyed 15 cloud and file storages. Russian users experienced malfunctions and unstable internet connections. The hackers targeted companies that produce equipment for law enforcement agencies, aircraft, and helicopter components. The attack was reportedly carried out in response to Russia's ongoing war against Ukraine. Nicosia / Λευκωσία in Cyprus suffered a cyber security incident on Sept. 30, 2024. Cyprus' critical infrastructure and government websites were targeted in a series of coordinated cyberattacks claimed by pro-Palestine hacker groups. The attacks targeted facilities such as banks, airports, and government websites, causing temporary disruptions. The hackers demanded that Cyprus change its stance on Israel and threatened further attacks. The country's cyber officials reported that most of the attacks were unsuccessful, but companies were advised to be prepared to repel future attacks and restore services quickly. Russia suffered a cyber security incident on Oct. 23, 2024. Russia's Foreign Ministry was targeted by a severe cyber attack, described as ""unprecedented in scale,"" which coincided with the BRICS summit. The attack was a large-scale distributed denial-of-service (DDoS) that began on the ministry's official website and portal. The ministry's spokeswoman Maria Zakharova, stated that the attack was launched from abroad. The attack's impact on the ministry's operations and data is unclear, but it is believed to be one of the largest-scale DDoS attacks to date.
Answer the question based on the context provided above. Do not include any information that is not in the context. Be precise and concise in your answer. Answer:"
"What was the cybersecurity incident in Germany on September 15, 2024?","Heinrich-Böll-Gesamtschule in Germany suffered a cyber security incident on Sept. 15, 2024. Two schools in Düren, Germany, the Heinrich-Böll-Gesamtschule and Rurtal-Gymnasium, were targeted in a cyber-attack. The servers at both schools were simultaneously compromised, leading to their immediate shutdown. The city's swift response included isolating all school servers to prevent further damage and involving the Aachen Police, who handle cybercrime. Initial investigations suggest that the servers will be operational again within days. The incident did not affect the city's IT infrastructure due to the absence of network connections between the schools and the city's systems. The attack's motive and the threat actors remain unidentified. Radio Geretsried in Germany suffered a cyber security incident on Sept. 14, 2024. Radio Geretsried, a German radio station, was targeted by a cyberattack. The attackers, believed to be from Russia, encrypted all music files and demanded a ransom. The station's leadership and management are working to resolve the issue. As a precaution, all systems will be reset, which will take time. The station's music archive and other data are being exported to prevent further damage. The incident has disrupted the station's operations, and normal service is expected to resume once the issue is resolved. Thoraxzentrum Bezirk Unterfranken in Germany suffered a cyber security incident on Oct. 1, 2024. A cyber attack targeted the Thoraxzentrum Bezirk Unterfranken, a specialized lung disease treatment center in Germany. The attack resulted in a disruption to the center's IT systems, limiting their availability. Although the motive behind the attack is unclear, it is suspected to be a case of coercion. The incident did not appear to compromise the confidentiality or integrity of the center's data, but rather affected the availability of their systems.","Question: What was the cybersecurity incident in Germany on September 15, 2024?
Context: Heinrich-Böll-Gesamtschule in Germany suffered a cyber security incident on Sept. 15, 2024. Two schools in Düren, Germany, the Heinrich-Böll-Gesamtschule and Rurtal-Gymnasium, were targeted in a cyber-attack. The servers at both schools were simultaneously compromised, leading to their immediate shutdown. The city's swift response included isolating all school servers to prevent further damage and involving the Aachen Police, who handle cybercrime. Initial investigations suggest that the servers will be operational again within days. The incident did not affect the city's IT infrastructure due to the absence of network connections between the schools and the city's systems. The attack's motive and the threat actors remain unidentified. Radio Geretsried in Germany suffered a cyber security incident on Sept. 14, 2024. Radio Geretsried, a German radio station, was targeted by a cyberattack. The attackers, believed to be from Russia, encrypted all music files and demanded a ransom. The station's leadership and management are working to resolve the issue. As a precaution, all systems will be reset, which will take time. The station's music archive and other data are being exported to prevent further damage. The incident has disrupted the station's operations, and normal service is expected to resume once the issue is resolved. Thoraxzentrum Bezirk Unterfranken in Germany suffered a cyber security incident on Oct. 1, 2024. A cyber attack targeted the Thoraxzentrum Bezirk Unterfranken, a specialized lung disease treatment center in Germany. The attack resulted in a disruption to the center's IT systems, limiting their availability. Although the motive behind the attack is unclear, it is suspected to be a case of coercion. The incident did not appear to compromise the confidentiality or integrity of the center's data, but rather affected the availability of their systems.
Answer the question based on the context provided above. Do not include any information that is not in the context. Be precise and concise in your answer. Answer:"
"What was the cyber event that affected Fylde Coast Academy Trust on September 1, 2024?","Transport for London (TfL) in United Kingdom suffered a cyber security incident on Sept. 1, 2024. Transport for London (TfL) suffered a cyber attack, which was confirmed by the organization. The attack affected backroom systems at TfL's corporate headquarters, prompting staff to work from home. While services were not impacted, the incident raised concerns about vulnerabilities and potential consequences, including disruption to the city's transportation system and data breaches on a massive scale. TfL worked with government agencies to respond to the incident, but details about the attackers and their motives remain unknown. Charles Darwin School in United Kingdom suffered a cyber security incident on Sept. 1, 2024. A ransomware attack targeted the Charles Darwin School in London, forcing the school to close for several days. The attack, which is believed to have been carried out by a data breach or unauthorized access. The school's IT systems were compromised, and data may have been accessed. A cybersecurity company is conducting a forensic investigation. The incident is similar to previous attacks on UK schools, and the school is working to restore systems and ensure student and staff safety. Fylde Coast Academy Trust in United Kingdom suffered a cyber security incident on Sept. 1, 2024. The Fylde Coast Academy Trust in England was hit by a ransomware attack, impacting 10 schools and academies. The attack impaired phone lines and computer systems, obstructed administrative tasks, and affected access to student records and classroom activities. The trust received support from the Department of Education and a cyber security team, as well as local authorities and school communities. The attack's motive is believed to be personal gain, and the threat actors remain unidentified.","Question: What was the cyber event that affected Fylde Coast Academy Trust on September 1, 2024?
Context: Transport for London (TfL) in United Kingdom suffered a cyber security incident on Sept. 1, 2024. Transport for London (TfL) suffered a cyber attack, which was confirmed by the organization. The attack affected backroom systems at TfL's corporate headquarters, prompting staff to work from home. While services were not impacted, the incident raised concerns about vulnerabilities and potential consequences, including disruption to the city's transportation system and data breaches on a massive scale. TfL worked with government agencies to respond to the incident, but details about the attackers and their motives remain unknown. Charles Darwin School in United Kingdom suffered a cyber security incident on Sept. 1, 2024. A ransomware attack targeted the Charles Darwin School in London, forcing the school to close for several days. The attack, which is believed to have been carried out by a data breach or unauthorized access. The school's IT systems were compromised, and data may have been accessed. A cybersecurity company is conducting a forensic investigation. The incident is similar to previous attacks on UK schools, and the school is working to restore systems and ensure student and staff safety. Fylde Coast Academy Trust in United Kingdom suffered a cyber security incident on Sept. 1, 2024. The Fylde Coast Academy Trust in England was hit by a ransomware attack, impacting 10 schools and academies. The attack impaired phone lines and computer systems, obstructed administrative tasks, and affected access to student records and classroom activities. The trust received support from the Department of Education and a cyber security team, as well as local authorities and school communities. The attack's motive is believed to be personal gain, and the threat actors remain unidentified.
Answer the question based on the context provided above. Do not include any information that is not in the context. Be precise and concise in your answer. Answer:"
"What was the nature of the cybersecurity incident at LLO.lu on August 27, 2024?","Russia suffered a cyber security incident on Oct. 23, 2024. Russia's Foreign Ministry was targeted by a severe cyber attack, described as ""unprecedented in scale,"" which coincided with the BRICS summit. The attack was a large-scale distributed denial-of-service (DDoS) that began on the ministry's official website and portal. The ministry's spokeswoman Maria Zakharova, stated that the attack was launched from abroad. The attack's impact on the ministry's operations and data is unclear, but it is believed to be one of the largest-scale DDoS attacks to date. Governo do Estado de Alagoas in Brazil suffered a cyber security incident on Aug. 27, 2024. A cyber attack targeted the portal of the Government of Alagoas, Brazil. The Instituto de Tecnologia em Informática e Informação do Estado de Alagoas (Itec) identified the attack and took immediate action to contain it. Although some websites were temporarily unavailable, no significant damage or data breaches occurred. The attack's impact was limited, and the affected sites were restored. The incident highlights the importance of robust cybersecurity measures to protect government systems and data. LLO.lu in Luxembourg suffered a cyber security incident on Aug. 27, 2024. The LLO.lu app, a government-launched platform for learning Luxembourgish, experienced a cyberattack resulting in a leak of user email addresses. The app developers promptly notified users, recommending password changes as a precaution. While email addresses were the only personal data exposed, the team reassured users of enhanced security measures to safeguard user information. The incident serves as a reminder of the persistent threats targeting user data, even in seemingly low-risk applications.","Question: What was the nature of the cybersecurity incident at LLO.lu on August 27, 2024?
Context: Russia suffered a cyber security incident on Oct. 23, 2024. Russia's Foreign Ministry was targeted by a severe cyber attack, described as ""unprecedented in scale,"" which coincided with the BRICS summit. The attack was a large-scale distributed denial-of-service (DDoS) that began on the ministry's official website and portal. The ministry's spokeswoman Maria Zakharova, stated that the attack was launched from abroad. The attack's impact on the ministry's operations and data is unclear, but it is believed to be one of the largest-scale DDoS attacks to date. Governo do Estado de Alagoas in Brazil suffered a cyber security incident on Aug. 27, 2024. A cyber attack targeted the portal of the Government of Alagoas, Brazil. The Instituto de Tecnologia em Informática e Informação do Estado de Alagoas (Itec) identified the attack and took immediate action to contain it. Although some websites were temporarily unavailable, no significant damage or data breaches occurred. The attack's impact was limited, and the affected sites were restored. The incident highlights the importance of robust cybersecurity measures to protect government systems and data. LLO.lu in Luxembourg suffered a cyber security incident on Aug. 27, 2024. The LLO.lu app, a government-launched platform for learning Luxembourgish, experienced a cyberattack resulting in a leak of user email addresses. The app developers promptly notified users, recommending password changes as a precaution. While email addresses were the only personal data exposed, the team reassured users of enhanced security measures to safeguard user information. The incident serves as a reminder of the persistent threats targeting user data, even in seemingly low-risk applications.
Answer the question based on the context provided above. Do not include any information that is not in the context. Be precise and concise in your answer. Answer:"
